<?xml version="1.0" encoding="utf-8"?>
<!DOCTYPE hibernate-mapping PUBLIC "-//Hibernate/Hibernate Mapping DTD 3.0//EN"
"http://hibernate.sourceforge.net/hibernate-mapping-3.0.dtd">
<!-- 
    Mapping file autogenerated by MyEclipse Persistence Tools
-->
<hibernate-mapping>
    <class name="com.model.TGoods" table="t_goods">
        <id name="id" type="java.lang.Integer">
            <column name="id" />
            <generator class="increment" />
        </id>
        <property name="leibieId" type="java.lang.Integer">
            <column name="leibieId"/>
        </property>
        <property name="mingcheng" type="java.lang.String">
            <column name="mingcheng" length="50" />
        </property>
        <property name="jieshao" type="java.lang.String">
            <column name="jieshao" length="5000" />
        </property>
        <property name="fujian" type="java.lang.String">
            <column name="fujian" length="50" />
        </property>
        <property name="jiage" type="java.lang.Integer">
            <column name="jiage" />
        </property>
        <property name="tejia" type="java.lang.Integer">
            <column name="tejia" />
        </property>
        <property name="shifoutejia" type="java.lang.String">
            <column name="shifoutejia" length="50" />
        </property>
        <property name="del" type="java.lang.String">
            <column name="del" length="50" />
        </property>
    </class>
</hibernate-mapping>
