<?xml version="1.0" encoding="utf-8"?>
<!DOCTYPE hibernate-mapping PUBLIC "-//Hibernate/Hibernate Mapping DTD 3.0//EN"
"http://hibernate.sourceforge.net/hibernate-mapping-3.0.dtd">
<!-- 
    Mapping file autogenerated by MyEclipse Persistence Tools
-->
<hibernate-mapping>
    <class name="com.model.THuiyuan" table="t_huiyuan">
        <id name="id" type="java.lang.Integer">
            <column name="id" />
            <generator class="increment" />
        </id>
        <property name="loginname" type="java.lang.String">
            <column name="loginname" length="50" />
        </property>
        <property name="loginpw" type="java.lang.String">
            <column name="loginpw" length="50" />
        </property>
        <property name="xingming" type="java.lang.String">
            <column name="xingming" length="50" />
        </property>
        <property name="xingbie" type="java.lang.String">
            <column name="xingbie" length="50" />
        </property>
        <property name="nianling" type="java.lang.String">
            <column name="nianling" length="50" />
        </property>
        <property name="address" type="java.lang.String">
            <column name="address" length="50" />
        </property>
        <property name="dianhua" type="java.lang.String">
            <column name="dianhua" />
        </property>
        <property name="yue" type="java.lang.Integer">
            <column name="yue" />
        </property>
        <property name="del" type="java.lang.String">
            <column name="del" length="50" />
        </property>
    </class>
</hibernate-mapping>
