<?xml version="1.0" encoding="utf-8"?>
<!DOCTYPE hibernate-mapping PUBLIC "-//Hibernate/Hibernate Mapping DTD 3.0//EN"
"http://hibernate.sourceforge.net/hibernate-mapping-3.0.dtd">
<!-- 
    Mapping file autogenerated by MyEclipse Persistence Tools
-->
<hibernate-mapping>
    <class name="com.model.TJianli" table="t_jianli">
        <id name="id" type="java.lang.Integer">
            <column name="id" />
            <generator class="increment" />
        </id>
        <property name="userId" type="java.lang.Integer">
            <column name="userId" />
        </property>
        <property name="zhiweiId" type="java.lang.Integer">
            <column name="zhiweiId" />
        </property>
        <property name="shijian" type="java.lang.String">
            <column name="shijian" />
        </property>
        <property name="fujian" type="java.lang.String">
            <column name="fujian" length="55" />
        </property>
        <property name="fujianYuanshiming" type="java.lang.String">
            <column name="fujianYuanshiming" length="50" />
        </property>
    </class>
</hibernate-mapping>
