<?xml version="1.0" encoding="utf-8"?>
<!DOCTYPE hibernate-mapping PUBLIC "-//Hibernate/Hibernate Mapping DTD 3.0//EN"
"http://hibernate.sourceforge.net/hibernate-mapping-3.0.dtd">
<!-- 
    Mapping file autogenerated by MyEclipse Persistence Tools
-->
<hibernate-mapping>
    <class name="com.model.TMingxi" table="t_mingxi">
        <id name="id" type="java.lang.Integer">
            <column name="id" />
            <generator class="increment" />
        </id>
        <property name="orderId" type="java.lang.Integer">
            <column name="orderId" />
        </property>
        <property name="goodsId" type="java.lang.Integer">
            <column name="goodsId" />
        </property>
        <property name="goodsShuliang" type="java.lang.Integer">
            <column name="goodsShuliang" />
        </property>
    </class>
</hibernate-mapping>
