<?xml version="1.0" encoding="UTF-8" ?>

<!DOCTYPE struts PUBLIC   
     "-//Apache Software Foundation//DTD Struts Configuration 2.0//EN"   
     "http://struts.apache.org/dtds/struts-2.0.dtd">
     
     
<struts>
    <package name="lunwen186" extends="struts-default">
        <global-results>
            <result name="succeed">/common/succeed.jsp</result>
            <result name="msg">/common/msg.jsp</result>
        </global-results>
        
        
        <action name="upload" class="com.util.upload" method="upload">
             <result name="success">/upload/upload_re.jsp</result>
        </action>
         
        <action name="index" class="indexAction" method="index">
            <result name="success">/qiantai/index.jsp</result>
        </action>
        
        
        <action name="leibieAdd" class="leibieAction" method="leibieAdd">
        </action>
        <action name="leibieDel" class="leibieAction" method="leibieDel">
        </action>
        <action name="leibieMana" class="leibieAction" method="leibieMana">
            <result>/admin/leibie/leibieMana.jsp</result>
        </action>
        <action name="leibiePre" class="leibieAction" method="leibiePre">
            <result>/admin/leibie/leibiePre.jsp</result>
        </action>
        <action name="leibieEdit" class="leibieAction" method="leibieEdit">
        </action>
        
        
        <action name="goodsAdd" class="goodsAction" method="goodsAdd">
        </action>
        <action name="goodsDel" class="goodsAction" method="goodsDel">
        </action>
        <action name="goodsMana" class="goodsAction" method="goodsMana">
            <result name="success">/admin/goods/goodsMana.jsp</result>
        </action>
        <action name="goodsPre" class="goodsAction" method="goodsPre">
            <result name="success">/admin/goods/goodsPre.jsp</result>
        </action>
        <action name="goodsEdit" class="goodsAction" method="goodsEdit">
        </action>
        <action name="goodsNew" class="goodsAction" method="goodsNew">
            <result name="success">/qiantai/goods/goodsNew.jsp</result>
        </action>
        <action name="goodsDetailQian" class="goodsAction" method="goodsDetailQian">
            <result name="success">/qiantai/goods/goodsDetailQian.jsp</result>
        </action>
        <action name="goodsByLeibie" class="goodsAction" method="goodsByLeibie">
            <result name="success">/qiantai/goods/goodsByLeibie.jsp</result>
        </action>
        <action name="goodsRes" class="goodsAction" method="goodsRes">
            <result name="success">/qiantai/goods/goodsRes.jsp</result>
        </action>
        
        
        
        
        <action name="huiyuanReg" class="huiyuanAction" method="huiyuanReg">
        </action>
        <action name="huiyuanEdit" class="huiyuanAction" method="huiyuanEdit">
        </action>
        <action name="huiyuanMana" class="huiyuanAction" method="huiyuanMana">
            <result name="success">/admin/huiyuan/huiyuanMana.jsp</result>
        </action>
        <action name="huiyuanDel" class="huiyuanAction" method="huiyuanDel">
        </action>
        
        
        
        <action name="addToCart" class="buyAction" method="addToCart">
        </action>
        <action name="myCart" class="buyAction" method="myCart">
            <result name="success">/qiantai/myCart/myCart.jsp</result>
        </action>
        <action name="orderQueren" class="buyAction" method="orderQueren">
            <result name="success">/qiantai/order/orderQueren.jsp</result>
        </action>
        <action name="orderSubmit" class="buyAction" method="orderSubmit">
            <result name="success">/qiantai/order/orderSubmit.jsp</result>
        </action>
                <action name="orderSubmit1" class="buyAction" method="orderSubmit1">
            <result name="success">/qiantai/order/orderSubmit1.jsp</result>
        </action>
        <action name="orderMine" class="buyAction" method="orderMine">
            <result name="success">/qiantai/order/orderMine.jsp</result>
        </action>
         <action name="orderMine1" class="buyAction" method="orderMine1">
            <result name="success">/qiantai/order/orderMine1.jsp</result>
        </action>
        <action name="orderDel" class="buyAction" method="orderDel">
        </action>
        <action name="orderMana" class="buyAction" method="orderMana">
            <result name="success">/admin/order/orderMana.jsp</result>
        </action>
        
                <action name="orderMana1" class="buyAction" method="orderMana1">
            <result name="success">/admin/order/orderMana1.jsp</result>
        </action>
        <action name="orderShouli" class="buyAction" method="orderShouli">
        </action>
        <action name="orderDetail" class="buyAction" method="orderDetail">
            <result name="success">/admin/order/orderDetail.jsp</result>
        </action>
        
        
        
        <action name="xinwenAdd" class="xinwenAction" method="xinwenAdd">
        </action>
        <action name="xinwenMana" class="xinwenAction" method="xinwenMana">
             <result name="success">/admin/xinwen/xinwenMana.jsp</result>
        </action>
        <action name="xinwenDel" class="xinwenAction" method="xinwenDel">
        </action>
        <action name="xinwenAll" class="xinwenAction" method="xinwenAll">
             <result name="success">/qiantai/xinwen/xinwenAll.jsp</result>
        </action>
        <action name="xinwenDetailQian" class="xinwenAction" method="xinwenDetailQian">
             <result name="success">/qiantai/xinwen/xinwenDetailQian.jsp</result>
        </action>
        
        
        
        
        <action name="jieshaoMana" class="jieshaoAction" method="jieshaoMana">
            <result name="success">/admin/jieshao/jieshaoMana.jsp</result>
        </action>
        <action name="jieshaoEdit" class="jieshaoAction" method="jieshaoEdit">
        </action>
        <action name="jieshaoShow" class="jieshaoAction" method="jieshaoShow">
            <result name="success">/qiantai/jieshao/jieshaoShow.jsp</result>
        </action>
        
        
                <action name="liuyanMana" class="liuyanAction" method="liuyanMana">
             <result name="success">/admin/liuyan/liuyanMana.jsp</result>
        </action>
        <action name="liuyanAdd" class="liuyanAction" method="liuyanAdd">
        </action>
        <action name="liuyanDel" class="liuyanAction" method="liuyanDel">
        </action>
        <action name="liuyanAll" class="liuyanAction" method="liuyanAll">
             <result name="success">/qiantai/liuyan/liuyanAll.jsp</result>
        </action>
        
        
    </package>
</struts>